<?xml version="1.0" encoding="UTF-8"?>
<project-private xmlns="http://www.netbeans.org/ns/project-private/1">
    <editor-bookmarks xmlns="http://www.netbeans.org/ns/editor-bookmarks/2" lastBookmarkId="1">
        <file>
            <url>src/modelo/Categoria.java</url>
            <bookmark id="1">
                <name/>
                <line>74</line>
                <key/>
            </bookmark>
        </file>
    </editor-bookmarks>
    <open-files xmlns="http://www.netbeans.org/ns/projectui-open-files/2">
        <group>
            <file>file:/C:/Users/KAROLAIN/OneDrive/Documentos/NetBeansProjects/Escuela_futbol/src/contrrolador/Controlador.java</file>
            <file>file:/C:/Users/KAROLAIN/OneDrive/Documentos/NetBeansProjects/Escuela_futbol/src/contrrolador/Principal.java</file>
            <file>file:/C:/Users/KAROLAIN/OneDrive/Documentos/NetBeansProjects/Escuela_futbol/src/modelo/Jugadores.java</file>
            <file>file:/C:/Users/KAROLAIN/OneDrive/Documentos/NetBeansProjects/Escuela_futbol/src/modelo/Categoria.java</file>
            <file>file:/C:/Users/KAROLAIN/OneDrive/Documentos/NetBeansProjects/Escuela_futbol/src/vista/Vista.java</file>
        </group>
    </open-files>
</project-private>
